total_return,max_drawdown,num_trades,final_equity
-0.6965136885253884,-0.7372846818742851,132,30348.631147461165
