total_return,max_drawdown,num_trades,final_equity
116.95981596601659,-0.014946943445591443,4088,11795981.59660166
