total_return,max_drawdown,num_trades,final_equity
7.085162550903894,-0.0820031757121561,327,808516.2550903894
