total_return,max_drawdown,num_trades,final_equity
-0.17336672559479815,-0.26599797546076587,5,82663.32744052018
