total_return,max_drawdown,num_trades,final_equity
0.19496450668500542,-0.03126752438499003,102,119496.45066850055
