total_return,max_drawdown,num_trades,final_equity
0.1274657369930059,-0.06404120810093394,56,112746.57369930058
